{
  "pages": [
    {
      "id": 0,
      "name": "General"
    }
  ],
  "current_page_id": 0,
  "todos": [
    {
      "id": 1770678212751,
      "text": "ahhhh",
      "completed": false,
      "createdAt": "2026-02-09T23:03:32.751Z",
      "pageId": 0,
      "priority": "medium",
      "details": ""
    }
  ],
  "count": 1,
  "completedCount": 0,
  "isExpanded": false,
  "useCustomColors": false,
  "priorityColors": {
    "high": {
      "r": 0.9529411792755127,
      "g": 0.545098066329956,
      "b": 0.658823549747467,
      "a": 1,
      "hsvHue": 0.9535277485847473,
      "hsvSaturation": 0.4279850423336029,
      "hsvValue": 0.9529411792755127,
      "hslHue": 0.9535277485847473,
      "hslSaturation": 0.8124971389770508,
      "hslLightness": 0.7490196228027344,
      "valid": true
    },
    "medium": {
      "r": 0.7058823704719543,
      "g": 0.7450980544090271,
      "b": 0.9960784316062927,
      "a": 1,
      "hsvHue": 0.6441388726234436,
      "hsvSaturation": 0.29134050011634827,
      "hsvValue": 0.9960784316062927,
      "hslHue": 0.6441388726234436,
      "hslSaturation": 0.9736781716346741,
      "hslLightness": 0.8509804010391235,
      "valid": true
    },
    "low": {
      "r": 0.6392157077789307,
      "g": 0.7058823704719543,
      "b": 0.9215686321258545,
      "a": 1,
      "hsvHue": 0.6273055672645569,
      "hsvSaturation": 0.30638590455055237,
      "hsvValue": 0.9215686321258545,
      "hslHue": 0.6273055672645569,
      "hslSaturation": 0.6428626179695129,
      "hslLightness": 0.7803921699523926,
      "valid": true
    }
  }
}
